Subject,Individual 1,Individual 2,Individual 3,Individual 4,Individual 5,Individual 6,Individual 7,Individual 8,Individual 9,Individual 10,Individual 11,Individual 12,Individual 13,Individual 14,Individual 15,Individual 16,Individual 17
Sex,Female,Female,Male,Male,Female,Female,Male,Female,Male,Male,Female,Female,Female,Male,Male,Female,Female
SRSF1 Genomic coordinates [ hg19 ),NC 000017.10 : g .56083708_56083709del,NC_000017.10 : g .56083236C > T,NC_000017.10 : g .56083237C > T,NC_000017.10 : g .56083236C > T,NC_000017.10 : 8 . 56082935dup,NC 000017.10 : g . ( 55806534_56540597 ) del,NC 000017.10 : g .56084417G > A,NC_000017.10 : g .56083166T > C,NC_000017.10 : g .56084380C > A,NC 000017.10 : 56084402C > A,NC_000017.10 : g .56082914del,NC_000017.10 : g .56083875C > T,NC_000017.10 : g .56084428G > A,NC_000017.10 : g .56083852A > C,NC_000017.10 : 56083832A > C,NC 000017.10 : g . 56084369C > T,NC_000017.10 : g .( 55442363 56309063 ) del
Transcript ( NM_006924.5 ),c.377 378del,c.478G > A,c.478G > A,c.478G > A,c.579dup,,c.82C > T,c.548A > G,c . 119G > T,c.97G > T,c.601del,c.208G > A,c.71C > T,c.231T > G,c.251T > G,c.130G > A,
Protein,p . ( Ser126 Trpfs * 17 ),p . ( Val160Met ),p . ( Val160Met ),p . ( Val160Met ),"p . ( Val194Serfs "" 2)",,p . ( Arg28 * ),p . ( His183Arg ),p . ( Gly40Val ),"p . ( Glu33 "" )",p . ( Ser201Valfs * 87 ),p . ( Ala70Thr ),p . ( Pro24Leu ),"p . ( Tyr77 "" )",p . ( Leu84Arg ),p . ( Asp44Asn ),
Mode of inheritance,Undetermined,De novo,De novo,De novo,De novo,De novo,De novo,De novo,De novo,De novo,De novo,De novo,De novo,De novo,De novo,De novo,De novo
Pregnancy complications,IUGR,Poor active fetal movements,C - section,No,Ovarian stimulation C - section for breech positioning,No,Premature rupture of membranes at 31w + 2d,No,C - section for fetal distress,No follow up,No,No,No,Toxemia C - section,"Screening test positive : amniocentesis with karyotype 46 , XY",No,Increased nuchal tranlucency
Gestational weeks( weeks + days ),36,40,38 + 4,Full term,39,37 + 1,31 + 2,38,Full term,ND,Full Term,41 + 2,39 + 2,41,39,38 + 6,ND
Birth weight g ( SD ),1700 ( -2.6 ),3300 ( -0.5 ),3180 ( M ),2920 ( -1.5 ),3100 ( -0.5 ),2550 ( -0.6 ),1765 ( +0.6 ),2790 ( -0.6 ),3827 ( +0.5 ),ND,3430 ( 0 ),3700 ( +0.6 ),3997 ( +1.7 ),ND,2980 ( -1 ),3065 ( +0.1 ),ND
Birth length cm ( SD ),39 ( -3.6 ),49.5 ( -0.4 ),51 ( +1 ),45.5 ( -2.8 ),51 ( 0.6 ),46 ( -0.7 ),40.5 ( -0.2 ),45 ( -1.8 ),53.5 ( +1.3 ),ND,50 ( 0 ),34 ( -0.5 ),50.8 ( +0.9 ),ND,50 ( 0 ),51 ( +1.3 ),ND
Birth OFC cm ( SD ),30.5 ( -1.5 ),35 ( +0.4 ),35 ( +0.4 ),35 ( -0.1 ),34 ( -0.3 ),32 ( -1 ),30 ( +0.4 ),33.5 ( -0.2 ),35 ( -0.2 ),ND,34 ( -0.1 ),34 ( -0.5 ),ND,ND,35 ( +0.2 ),34 ( +0.2 ),ND
Neonatal complications,Oxygen requirement because of pulmonary hypoplasia,No,Congenital torticoli,"RCIU ,hypocalcemia",No,"Feeding difficulties,Icterus,No,No,Congenital heart defect""",No,Transient tachypnea,Increased muscle tone,No,Icterus,"Neonatal hypotonia, Sucking difficulties",No,Icterus,Transient tachypnea of the newborn,,
Age at last examination ( Year + month ),18 years,4 years and 9 months,2 years,34 years,6 years and 8 months,4 years,5 years and 2 months,3 years and 1 month,8 years and 5 months,23 years and 9 months,5 years,3 years and 8 months,2 years and 2 months,28 years,18years,14 months,13 years and 6 months
Height at last visit cm ( SD ),152 ( -1.8 ),103 ( -0.5 ),86 ( -0.4 ),189.5 ( +2 ),119.5 ( +0.1 ),98.3 ( -0.6 ),112.8 ( +0.7 ),84 ( -2.7 ),128 ( +0.1 ),156 ( -2.9 ),109 ( +0.3 ),99 ( -0.7 ),84.2 ( +0.9 ),174 ( -0.4 ),180.5 ( +0.7 ),77.4 ( +0.5 ),144 ( -2 SD )
Weight at last visit kg ( SD ),54.2 ( -0.3 ),17.5 ( +0.2 ),11.6 ( -0.8 ),65.6 ( -0.4 ),20 ( -0.5 ),14.5 ( -0.8 ),19 ( +0.1 ),10 ( -2.8 ),28 ( +0.4 ),41 ( -3.3 ),19.7 ( +0.5 ),17.8 ( +0.9 ),12.7 ( +0.2 ),57.7 ( -1.4 ),57.6 ( -1 ),8.9 ( -1.2 ),ND
BMI at last visit kg / m2 ( SD ),"23,5 ( +0,6 )","16,5 ( +0,8 )","15,7 ( -0,2 )","18,3 ( -1,6 )","14 ( -0,9 )","15 ( -0,2 )","14,9 ( -0,3 )","14,2 ( -1 )","17,1 ( +0,7 )","16,8 ( -2,4 )","16,6 ( +0,8 )","18,2 ( +1,8 )","17,9 ( +1,6 )","19,1 ( -0,9 )","17,7 ( -1,4 )","14,9 ( -0,9 )",ND
OFC at last visit cm ( SD ),55,51 ( +0.6 ),50 ( +1 ),59 ( +2.7 ),52.5 ( +0.6 ),48.5 ( -0.7 ),51 ( -0.1 ),45.5 ( -2.9 ),51.8 ( -0.4 ),54.5 ( -0.4 ),"48,7 ( -1,1 )",49 ( -1 ),47.8 ( +0.1 ),56 ( +0.6 ),55 ( -0.1 ),47 ( -1.1 ),"50 ( -2,6 SD )"
Failure to thrive,Yes,No,No,No,No,ND,No,Yes,No,Yes Chewing diffuculty,No,Infant reflux,No,Yes,No,No,Yes
Truncal overweight,Yes,No,Trunk adiposity,No,No,No,No,No,No,No,No,No,Mildly overweight,No,No,No,No
Intellectual Disability / Developmental Delay,Yes,Yes,Yes,Learning difficulties,Yes,Yes,Yes,Yes,Yes,Yes,Yes,Yes,Yes,Yes,Yes,Yes,Yes
Level of ID / DD,Mild to moderate,Mild to moderate,Mild to moderale,IQ : 76 Verbal Comprehension Index : 92 Perceptual Reasoning Index : 84 Working memory Index : 66 Processing Speed Index : 75,Mild,ND,Severe ID Age Equivalent Scores at 5 years and 2months : developmental age : 6 months receptive language : 9 months expressive language : 5 months fine motor : 1 year 7 months interpersonal relationship : 1 year 6 months,Severe,Borderline level,Severe,Moderate,Cognitive evaluation ( Bayley II test ) at 3 years and 4 months : developmental age estimated at29 months old,ND,Mild,Mild,ND,ND
First words,ND,18 months,None,7 months ( dad and mum ),After 18 months,None,None,0,14 months,15 years,12 months,After 18 months,9 months,24 months,24 months,> 24 months,24 months
Speech at last examination,Short sentences,50-100 words - poor articulation,None,Speech delay,Delayed ( simple sentences ),No speech,No speech,No speech,"Speaks in full sentences , mild articulation issue",2 words,Simplified sentences,"Dealyed , few words ( one syllable )",Delayed - 30 single words at 2 years 2 months,Fluent,Normal,Poor ( 10-15 spontaneous words ),N
Sitting position age,ND,9 months,12 months,12 months,10 months,ND,8 months,8 month - W position,5 months,10 years,10 months,9 months,6 months,7 months,7 months,11 months,ND
Walking age,4 years,29 months,Not acquired at last visit Up unaided : 21monts,17 months,19 months,23 months,2 years 4 months,2years 6 months,15 months,11 years,16 months,20 months,1 year 11 months,20 months,16 months,18-19 months, 24 months
Hypotonia,Yes,Yes,Yes,Yes during infancy,Buccal hypotonia,No,No,Yes,No,Yes,No,ND,Yes,Yes,Yes,Yes,ND
Autistic features ( please describe ),No,ND,No,No,"Mild at 4 years with difficulties to adaptation to new situations , frustration intolerance , rare heteroagressivity , resolved at 6 years",No,"Repetitive motions , very poor social interaction , overreaction to frustration",No,Autistic featues but no formal ASD diagnosis Sensory issues better with age,No,No,"Flapping of the hands Feeling overwhelmed in social situations
Feeling overwhelmed in social situations .",No,Social difficulties Obsessions Stereotypies,No,"Stereotypies, Poor eye contact, No response to her name, Afraid of loud noises, Lines things up in a row, Difficulties to adaptation",Autistic features
Outbursts of anger,Yes,"Few , until 9months",No,Yes,No,No,Yes,No,"Yes , less frequent with age",Yes,No,Yes,No,Yes with frustration or specific circumstances,No,Yes,No
Others,,Stereotypy,"Happy , smiling , ungoing",No,No,No,Outbursts of crying or laughter,,"ADHD diagnosed at 5 years , treated with medication",No,Hyperactivity Tiptoe walking,,Described as social with good eye contact,Intentional tremor,Generalized anxiety disorder with phobic obsessive features,,
Hearing loss,No,No,No,No,No,ND,No,No,Bilateral low frequency hearing loss,No,No,No,No,No,No,No,No
Vision problems,"Strabismus , myopia","Myopia , Astigmatism Strabismus",No,Myopia,No,Astigmatism Hypermetropia,No,Hypermetropia,No,Nystagmus Strabismus,No,ND,Myopia,No,Severe unilateral myopia,No,Strabismus
Seizures,No,"No seizure,Normal EEG",No,No,No,No,"No clinical seizure reported, EEG : some anomalies during the process of falling asleep , not associated with clinical signs",No,No seizure Normal EEG,Febrile seizure ( one time in in fancy ),No,No,No,Myoclonus with fever,No,"Staring spells with deviant gaze, Normal EEG",No
Brain Structural anomalies from MRI,"Global widening of the ventricular system , cortical subcortical atrophy , low amount of myelin",Myelinisation delay,Normal MRI,Normal MRI,Normal MRI,ND,Thin splenium of the corpus callosum Leptomeningeal cyst of the left temporal lobe,Microcephaly Small frontal lobes with abnormal white matter intensity Simplification of gyral pattern Delayed subcortical white matter myelination Small brain stem Atrophic lateral rectus muscles,Normal MRI,Normal MRI,Normal MRI,Normal MRI,Old bilateral caudothalamic groove ( germinal matrix )hemorrhages and few punctate foci of old hemorrhage in the cerebellum . Few scattered foci of periventricularand subcortical T2 hyper intensity Nonspecific but may be sequelae of prior injury .,ND,ND,Midline pituitary cyst which may represent pars intermedia cyst or Rathe's cleft cyst Otherwise normal,ND
Cardiac malformations,ASD Pericardial effusion,Small ovale foramen,No,No,No,Tricupsid valve leakage,No,ND,Ventricular septal defect ( spontaneous closure ) Right aortic arch Aberrant subclavian artery with subclavian steal,Minimal aortic regurgitation Mitral regurgitation,No,No,No,Myxoid dystrophy Cardiomegaly Mitral insufficiency,No,No,ND
Urogenital / kidney malformations,No,No,Right hydrocele,"Cryptorchidism ,hypospadia",No,ND,No,No,Bilateral cryptorchidism,Yes,No,No,No,No,Balanopreputial hypospadias,No,ND
Other,,,-,-,-,,,,-,,,,,"Hernia , diastasis",-,,
Scoliosis,Yes,No,Yes,Yes,No,No,No,No,No,No,No,No,No,Yes,Yes,No,ND
Pectus deformity,No,No,No,Pectus excavatum,No,Pectus carinatum,No,No,No,No,No,No,No,Pectus excavatum,Pectus carinatum,No,ND
Other,"Genu valum , Equinovarus",,,Marfanoid habitus with arachnodactyly and elbow flessum,"Brachymetatarsi a , fallen arches",,,,"L1 vertebral hypoplasia with associated kyphosis , has improved with age",Asymmetric chest,,,,"Marfan oid habitus with dolichostenomelia ,arachnodactyly ,flat feet andelbow flessum EquinovarusPostaxialhexadactyly on left foot Onydhodystrophy",Marfanoid habitus with arachnodactyly Genu valgum Metatarsus varus,,Genu valgum
Facial features,"Arched eyebrowHigh andprominentforeheadFrontal bossingAsymmetricoccipitalplagiocephalyTriangular faceLow anteriorhairlineProminent eyesSmall , low - set ears Wide nasal bridge Short philtrum High - archedpalate Downturned of corners ofmouth Prominent chin",Thin upslanted eyebrowes Uplan sted palpebral fissures Deep eyes Buccal hypotonia Hight - arched palate Serious gaze Prominent chin,"Upslanted palpebral fissures Deep eyes , epicanthus Low - set ears Long philtrum Downturned of corners of mouth Chin crease",Aquiline nose Retrognathia Protuding ears High arched palate Malar hypoplasia,Long face Horizontal eyebrows Bilateral épicanthus Posterior rotating ears Curved upper lip Buccal hypotonia High arched palate,Downslanting palpebral fissures Smooth philtrum Low - set ears Exaggerated cupid's bow,Hypertelorism Mild micrognathia Smooth philtrum Thin lips Gengival hyperplasia Wide nasal bridge Low set ears,No dysmorphic - appropriate for family,Brachycephaly Malar hypoplasia Left preauricular pit Narrow ear canals Smooth philtrum Thin upper lip vermilion Mildly broad / low posterior hairline,Downslan ting palpebral fissures Strabismus Maxiller hypoplasia,Synophris Highly arched eyebrown Tubular nose with bulbous tip Thin upper lips Clinical suspicion of Cornelia de Lange syndrome,Thin upper lip Hypertelorism Short chin,Full cheeks Epicanthal folds Telecanthus Thin upper lip,Oval face Thick lips Pointed chin Long and thin nose Microretrognathism Downslanted palpebral fissures,Triangular face with facial asymmetry Upslanging palpebral fissures Long and tubular nose Long and smooth philtrum Retrognathia,Down slanted palpebral fissures Depressed nasal bridge Midly downturned corners of the mouth,Elongated face Low hair line Ptosis
Cutaneous abnormalities,Stretch marks,ND,No,No,Truncal and upper limb hyper trichosis Palmar erythema,Hirsutism,No,No,No,Light skin color Multiple freckles,No,No,No,,No,No,No
Additional clinical features,Missing teeth Endometriosis Mixed malignant germ cell tumor of the left ovary,Relative pain in sensitivity,Relative pain insensitivity,No,Unexplained episodes of thrombocytosis,Sacro - coccygeal dimple,No,Severe constipation,No,No,No,Sleeping problems,Sparse hair 2 hemangiomas,Moebius syndrome,Bifid uvula,No,No
Additional molecular features,,,,,,,,,,"NM_000195.3 : c.973_974insC , p.Met325Thrfs *128 Diagnosed with Hermansky Pudlak Syndrome",,MBD6 variant NM_052897.3 : c . 2337dup T,,,,,15q11.2 BP1 - BP2 microdeletion
